"fiscalDateEnding","reportedCurrency","grossProfit","totalRevenue","costOfRevenue","costofGoodsAndServicesSold","operatingIncome","sellingGeneralAndAdministrative","researchAndDevelopment","operatingExpenses","investmentIncomeNet","netInterestIncome","interestIncome","interestExpense","nonInterestIncome","otherNonOperatingIncome","depreciation","depreciationAndAmortization","incomeBeforeTax","incomeTaxExpense","interestAndDebtExpense","netIncomeFromContinuingOperations","comprehensiveIncomeNetOfTax","ebit","ebitda","netIncome"
"2022-12-31","USD","35259000000","52032000000","27393000000","17488000000","20399000000","8016000000","6844000000","16749000000","700000000","-490000000","18000000","490000000","52522000000","-38000000","None","1089000000","20339000000","3914000000","490000000","16425000000","17311000000","20829000000","21918000000","16425000000"
"2022-09-30","USD","34670000000","49636000000","22798000000","15452000000","21518000000","6524000000","6628000000","13974000000","641000000","-500000000","110000000","500000000","50136000000","-31000000","None","822000000","21572000000","4016000000","500000000","17556000000","14891000000","22072000000","22894000000","17556000000"
"2022-06-30","USD","35436000000","51406000000","25283000000","16429000000","20534000000","8053000000","6849000000","15703000000","552000000","-496000000","552000000","496000000","51902000000","-23000000","None","801000000","20487000000","3747000000","496000000","16740000000","14538000000","20983000000","21784000000","16740000000"
"2022-03-31","USD","33745000000","48732000000","23481000000","15615000000","20364000000","7075000000","6306000000","14172000000","519000000","-503000000","519000000","503000000","49235000000","-11000000","None","791000000","20190000000","3462000000","503000000","16728000000","13815000000","20693000000","21484000000","16728000000"
"2021-12-31","USD","34768000000","51228000000","24433000000","16960000000","22247000000","6763000000","5758000000","13231000000","503000000","-525000000","503000000","525000000","51753000000","-4000000","None","710000000","22515000000","3750000000","525000000","18765000000","17919000000","23040000000","23750000000","18765000000"
"2021-09-30","USD","31671000000","44743000000","20145000000","13646000000","20238000000","5834000000","5599000000","12098000000","520000000","-539000000","520000000","539000000","45282000000","6000000","None","665000000","20524000000","19000000","539000000","20505000000","19966000000","21063000000","21728000000","20505000000"
"2021-06-30","USD","32161000000","45595000000","22025000000","13991000000","19095000000","7379000000","5687000000","13721000000","497000000","-553000000","497000000","553000000","46148000000","22000000","None","655000000","19405000000","2947000000","553000000","16458000000","16818000000","19958000000","20613000000","16458000000"
"2021-03-31","USD","28661000000","41059000000","20070000000","13045000000","17048000000","6409000000","5204000000","12229000000","519000000","-633000000","519000000","633000000","41692000000","6000000","None","616000000","17236000000","1779000000","633000000","15457000000","13552000000","17869000000","18485000000","15457000000"
"2020-12-31","USD","28882000000","42558000000","20907000000","14194000000","17897000000","6086000000","4899000000","11612000000","545000000","-571000000","545000000","571000000","43129000000","70000000","None","627000000","18337000000","2874000000","571000000","15463000000","15720000000","18908000000","19535000000","15463000000"
"2020-09-30","USD","26152000000","36724000000","16941000000","11002000000","15876000000","5350000000","4926000000","10865000000","570000000","-589000000","None","589000000","37313000000","0","None","589000000","16124000000","2231000000","589000000","13893000000","13807000000","16713000000","17302000000","13893000000"
"2020-06-30","USD","25694000000","38033000000","20161000000","12339000000","13407000000","7073000000","5214000000","13036000000","595000000","-686000000","None","686000000","38033000000","0","None","588000000","13422000000","2220000000","686000000","13407000000","11712000000","14108000000","14696000000","11202000000"
"2020-03-31","USD","24046000000","34315000000","17650000000","10975000000","12975000000","6184000000","4887000000","11562000000","673000000","-614000000","153000000","614000000","34929000000","-3000000","None","491000000","12843000000","2091000000","614000000","10752000000","13683000000","13457000000","13948000000","10752000000"
"2019-12-31","USD","24548000000","36322000000","18986000000","12358000000","13891000000","6054000000","4603000000","11231000000","688000000","-654000000","281000000","654000000","36976000000","-19000000","None","574000000","14085000000","2436000000","654000000","11649000000","11455000000","14739000000","15313000000","11649000000"
"2019-09-30","USD","22649000000","32428000000","16363000000","10406000000","12686000000","5398000000","4565000000","10522000000","724000000","-637000000","139000000","637000000","33065000000","-18000000","None","559000000","12686000000","2008000000","637000000","10678000000","10957000000","13323000000","13882000000","10678000000"
"2019-06-30","USD","23305000000","33717000000","17199000000","10412000000","12405000000","6387000000","4513000000","11300000000","709000000","-669000000","321000000","669000000","33717000000","-121000000","None","400000000","12596000000","-591000000","669000000","12405000000","14112000000","13265000000","13665000000","13187000000"
"2019-03-31","USD","20401000000","29993000000","16345000000","10170000000","10341000000","5744000000","4316000000","10491000000","668000000","-671000000","None","671000000","30664000000","16000000","None","431000000","10486000000","1677000000","671000000","8809000000","9557000000","11157000000","11588000000","8809000000"
"2018-12-31","USD","20048000000","31796000000","18673000000","12423000000","10258000000","5720000000","4070000000","10320000000","704000000","-672000000","None","672000000","32468000000","34000000","None","530000000","10385000000","1965000000","672000000","8420000000","9022000000","11057000000","11587000000","8420000000"
"2018-09-30","USD","19179000000","28615000000","15708000000","9905000000","9955000000","5247000000","3977000000","9780000000","681000000","-674000000","None","674000000","29289000000","14000000","None","556000000","10221000000","1397000000","674000000","8824000000","8463000000","10895000000","11451000000","8824000000"
"2018-06-30","USD","20343000000","30085000000","34165000000","9742000000","10379000000","6031000000","3933000000","10464000000","636000000","-672000000","None","672000000","30085000000","-61000000","None","500000000","10680000000","1807000000","672000000","10379000000","7797000000","11352000000","11852000000","8873000000"
"2018-03-31","USD","17550000000","26819000000","9269000000","9269000000","8292000000","5543000000","3715000000","9818000000","575000000","-691000000","None","691000000","-52000000","7000000","None","560000000","8641000000","1217000000","691000000","7424000000","6670000000","9332000000","9892000000","7424000000"
